Panamax Bulk Period Fixtures,,,,,,,,,,,,,,,,,
Fixtures are provided as reported and are not comprehensive.,,,,,,,,,,,,,,,,,
,,,,,,,,,,,,,,,,,
Created 17 July 2014 11:17,,,,,,,,,,,,,,,,,
,,,,,,,,,,,,,,,,,
Date,Name,Built,Dwt,Quantity,Type,Charterer,Delivery,Load,Discharge,Redel,Laycan From,Laycan To,Rate,Unit,Period,Ballast Bonus,Owner
23/12/2013,Inception,2011,80283,0,PERIOD,BEIBU GULF,HONG KONG,,WORLD WIDE,WORLD WIDE,23/12/2013,23/12/2013,14000,$/Day,5-7 Months,,Aegean Bulk Co. Inc.
19/12/2013,Conti Selenit,2010,75200,0,PERIOD,K2,SUAL,,WORLD WIDE,WORLD WIDE,26/12/2013,31/12/2013,13250,$/Day,10-12 Months,,Conti Reederei
18/12/2013,Sri Prem Vidya,2006,82273,0,PERIOD,JALDHI,HALDIA,,SINGAPORE-JAPAN,SINGAPORE-JAPAN,19/12/2013,24/12/2013,16000,$/Day,60-80 Days,,Mercator
17/12/2013,Navios Helios,2005,77075,0,PERIOD,CNR,PRACHUAP,,WORLD WIDE,WORLD WIDE,28/12/2013,01/01/2014,13000,$/Day,11-13 Months,,Navios Holdings
16/12/2013,Poseidon,2002,74350,0,PERIOD,OLDENDORFF,KUNSAN,,WORLD WIDE,WORLD WIDE,13/12/2013,15/12/2013,13250,$/Day,4-7 Months,,Aegean Bulk Co. Inc.
16/12/2013,Eva,2013,82620,0,PERIOD,LOUIS DREYFUS,TIANJIN,,WORLD WIDE,WORLD WIDE,18/12/2013,22/12/2013,15500,$/Day,4-6 Months,,Efnav Co. Ltd.
13/12/2013,Tiger East,2013,76000,0,PERIOD,BUNGE,COLOMBO,,WORLD WIDE,WORLD WIDE,17/12/2013,20/12/2013,14250,$/Day,1 Years,,Greathorse Shipping
13/12/2013,Bonanza Kotobuki,2012,75051,0,PERIOD,ADMI,GIBRALTAR,,SINGAPORE-JAPAN,SINGAPORE-JAPAN,13/12/2013,13/12/2013,28000,$/Day,90 Days,,Kotobuki Kaiun K.K.
13/12/2013,Anangel Omonia,1996,73519,0,PERIOD,D'AMICO,PARADIP,,WORLD WIDE,WORLD WIDE,06/12/2013,06/12/2013,14000,$/Day,4-6 Months,,Anangel-American
12/12/2013,Lyric Sun,2011,81450,0,PERIOD,BUNGE,Song Xia,,WORLD WIDE,WORLD WIDE,15/12/2013,20/12/2013,13500,$/Day,11-13 Months,,Orpheus Marine
12/12/2013,Archimedes,2011,81123,0,PERIOD,BEIBU GULF,ZHANGZHOU,,WORLD WIDE,WORLD WIDE,22/12/2013,27/12/2013,14000,$/Day,4-6 Months,,Archipelago Shipping
12/12/2013,Centurion,2005,76838,0,PERIOD,CARGILL,QINGDAO,,WORLD WIDE,WORLD WIDE,13/12/2013,18/12/2013,13300,$/Day,11-15 Months,,Primerose Shipping
12/12/2013,Samjohn Liberty,1998,74761,0,PERIOD,BUNGE,PORT SAID,,WORLD WIDE,WORLD WIDE,25/12/2013,10/01/2014,14750,$/Day,11-13 Months,,Golden Flame Shpg.
11/12/2013,Inception,2011,80283,0,PERIOD,KLAVENESS,HONG KONG,,WORLD WIDE,WORLD WIDE,17/12/2013,22/12/2013,14000,$/Day,4-6 Months,,Aegean Bulk Co. Inc.
11/12/2013,Pantelis,2000,74020,0,PERIOD,CNR,KAKINADA,,WORLD WIDE,WORLD WIDE,28/12/2013,02/01/2014,13600,$/Day,4-6 Months,,Euroseas Ltd.
11/12/2013,Alpha Happiness,1999,72893,0,PERIOD,CNR,BAHRAIN,,WORLD WIDE,WORLD WIDE,11/12/2013,13/12/2013,15000,$/Day,4-6 Months,,Alpha Tankers & Frt.
09/12/2013,Daebo Newcastle,2011,81398,0,PERIOD,EMPROS LINES,CJK,,WORLD WIDE,WORLD WIDE,19/12/2013,29/12/2013,13100,$/Day,4-6 Months,,Daebo Shipping
09/12/2013,Conti Selenit,2010,75200,0,PERIOD,BOCIMAR,ZHANJIANG,,WORLD WIDE,WORLD WIDE,04/12/2013,06/12/2013,13250,$/Day,10-12 Months,,Conti Reederei
09/12/2013,Captain Diamantis,2000,74757,0,PERIOD,NORDEN,TIANJIN,,WORLD WIDE,WORLD WIDE,10/12/2013,15/12/2013,12500,$/Day,5-7 Months,,Diamlemos Shpg. Corp
06/12/2013,Safe Voyager,2007,82514,0,PERIOD,SWISS MARINE,TIANJIN,,WORLD WIDE,WORLD WIDE,19/12/2013,24/12/2013,12750,$/Day,11-13 Months,,Kambara Kisen
06/12/2013,Trade Will,2012,81712,0,PERIOD,LOUIS DREYFUS,HALDIA,,WORLD WIDE,WORLD WIDE,12/12/2013,13/12/2013,13500,$/Day,4-8 Months,,Marine Management
06/12/2013,India,2011,80562,0,PERIOD,NORDEN,CJK,,WORLD WIDE,WORLD WIDE,06/12/2013,06/12/2013,13000,$/Day,5-8 Months,,Sea Justice S.A.
06/12/2013,Glory Rotterdam,2001,74716,0,PERIOD,KLAVENESS,ZHANJIANG,,WORLD WIDE,WORLD WIDE,10/12/2013,15/12/2013,12500,$/Day,4-6 Months,,Glory Ships
06/12/2013,Dimitris L,2001,73193,0,PERIOD,BUNGE,MALTA,,WORLD WIDE,WORLD WIDE,12/12/2013,17/12/2013,14000,$/Day,11-13 Months,,Vrontados Shipping
05/12/2013,Ocean Virgo,2012,81564,0,PERIOD,CNR,CJK,,WORLD WIDE,WORLD WIDE,07/12/2013,10/12/2013,12900,$/Day,3-5 Months,,Zhejiang Materials
05/12/2013,Galateia,2011,81359,0,PERIOD,BUNGE,Cape Passero,,WORLD WIDE,WORLD WIDE,25/12/2013,30/12/2013,14250,$/Day,11-13 Months,,Golden Bridge
05/12/2013,Navios Sagittarius,2006,75756,0,PERIOD,CASTLETON COMMODITIES INTERNATIONAL,ICELAND,,WORLD WIDE,WORLD WIDE,05/12/2013,05/12/2013,17500,$/Day,5-6 Months,,Navios MLP
05/12/2013,Tian Bai Feng,2000,74269,0,PERIOD,CNR,LANSHAN,,WORLD WIDE,WORLD WIDE,13/11/2013,13/11/2013,12400,$/Day,15-17 Months,,China Shpg. (H.K.)
04/12/2013,Cemtex Creation,2013,82000,,PERIOD,MINMETAL,TAIWAN,,WORLD WIDE,WORLD WIDE,18/12/2013,25/12/2013,13000,$/Day,12 Months,,U-Ming Marine Tran.
04/12/2013,Tai Promotion,2004,77000,0,PERIOD,NORDEN,PMO,,WORLD WIDE,WORLD WIDE,04/12/2013,04/12/2013,13400,$/Day,6-7 Months,,Taiwan Navigation
03/12/2013,Prabhu Puni,2002,76015,0,PERIOD,NOBLE,YANTAI,,WORLDWIDE,WORLDWIDE,03/12/2013,03/12/2013,12500,$/Day,4-7 Months,,Tolani Group of Shpg
03/12/2013,Bahia Blanca SW,2011,76483,0,PERIOD,NOBLE,UAE,,WORLDWIDE,WORLDWIDE,08/12/2013,13/12/2013,12250,$/Day,6-9 Months,,Shih Wei Navigation
03/12/2013,Cymbeline,2001,73060,0,PERIOD,CNR,QINZHOU,,WORLDWIDE,WORLDWIDE,03/12/2013,03/12/2013,12000,$/Day,4-6 Months,,Hadley Shpg. Co.
02/12/2013,London 2012,2007,82562,0,PERIOD,COBELFRET,EC INDIA,,WORLD WIDE,WORLD WIDE,05/12/2013,10/12/2013,11750,$/Day,11-13 Months,,Tsakos Shpg. & Trad.
02/12/2013,Kinoura,2012,82250,0,PERIOD,CNR,LONGKOU,,WORLD WIDE,WORLD WIDE,03/12/2013,08/12/2013,12600,$/Day,3-5 Months,,Nissen Kaiun K.K.
29/11/2013,Trade Will,2012,81712,0,PERIOD,OLDENDORFF,HALDIA,,WORLD WIDE,WORLD WIDE,10/12/2013,15/12/2013,12100,$/Day,11-13 Months,,Marine Management
29/11/2013,Atlantic Breeze,2004,76267,0,PERIOD,OLDENDORFF,QINGDAO,,WORLD WIDE,WORLD WIDE,28/11/2013,30/11/2013,11750,$/Day,4-6 Months,,Blenheim Shipping
29/11/2013,Riruccia,1997,74002,0,PERIOD,BUNGE,INCHON,,WORLD WIDE,WORLD WIDE,02/12/2013,07/12/2013,11250,$/Day,11-13 Months,,Augustea Ship Mngt
29/11/2013,Anangel Omonia,1996,73519,0,PERIOD,COSCO,PARADIP,,WORLD WIDE,WORLD WIDE,06/12/2013,14/12/2013,12000,$/Day,4-7 Months,,Anangel-American
28/11/2013,Triton,2001,75336,0,PERIOD,BUNGE,XIAMEN,,WORLD WIDE,WORLD WIDE,03/12/2013,12/12/2013,11000,$/Day,9-11 Months,,Diana Shipping Inc.
27/11/2013,Mynika,2013,84108,0,PERIOD,GLENCORE,YANTAI,,WORLD WIDE,WORLD WIDE,26/11/2013,26/11/2013,13000,$/Day,4-6 Months,,Transmed Shipping
27/11/2013,Atlantic Moon,2012,82188,0,PERIOD,CNR,IMMINGHAM,,SINGAPORE-JAPAN,SINGAPORE-JAPAN,02/12/2013,03/12/2013,23500,$/Day,79-139 Days,,"Bottiglieri, Rizzo"
26/11/2013,Black Pearl,2012,78890,0,PERIOD,BUNGE,PARADIP,,WORLD WIDE,WORLD WIDE,05/12/2013,10/12/2013,11750,$/Day,14-18 Months,,Primerose Shipping
25/11/2013,Danae,2001,75106,0,PERIOD,GMI,RIZHAO,,WORLD WIDE,WORLD WIDE,25/11/2013,30/11/2013,11500,$/Day,4-6 Months,,Diana Shipping Inc.
25/11/2013,Great Bless,1997,73251,0,PERIOD,CNR,FANGCHENG,,WORLD WIDE,WORLD WIDE,07/12/2013,12/12/2013,10500,$/Day,11-13 Months,,Sinotrans Shpg. Ltd.
21/11/2013,Lyric Poet,2012,81276,0,PERIOD,BUNGE,VIETNAM,,WORLD WIDE,WORLD WIDE,28/11/2013,30/11/2013,11750,$/Day,4-7 Months,,Lyras Maritime Ltd.
21/11/2013,Alpha Harmony,2001,74492,0,PERIOD,CNR,CJK,,WORLD WIDE,WORLD WIDE,23/11/2013,24/11/2013,11000,$/Day,4-6 Months,,Alpha Tankers & Frt.
20/11/2013,Red Rose,2003,76629,0,PERIOD,UNITED,CJK,,WORLDWIDE,WORLDWIDE,01/12/2013,06/12/2013,11300,$/Day,11-13 Months,,Shoei Kisen K.K.
19/11/2013,Efessos Wave,2012,87332,0,PERIOD,BUNGE,FANGCHENG,,WORLD WIDE,WORLD WIDE,09/11/2013,19/11/2013,10500,$/Day,8-12 Months,,Teo Shipping Corp.
19/11/2013,Torm Trader,2010,82181,0,PERIOD,HUDSON,CJK,,WORLD WIDE,WORLD WIDE,24/11/2013,29/11/2013,11300,$/Day,11-13 Months,,"Torm, Dampskibss"
14/11/2013,Ultra Panache,2011,78450,0,PERIOD,MOSVOLD,SW PASSAGE,,WORLDWIDE,WORLDWIDE,28/11/2013,03/12/2013,13000,$/Day,4-6 Months,900000,Ultrabulk Shipping
12/11/2013,Kastelli Wave,2011,87340,0,PERIOD,COBELFRET,MALTA,,WORLD WIDE,WORLD WIDE,15/11/2013,20/11/2013,17500,$/Day,4-6 Months,,Teo Shipping Corp.
12/11/2013,Marto,2001,74470,0,PERIOD,EFE,SINES,,WORLD WIDE,WORLD WIDE,12/11/2013,12/11/2013,15000,$/Day,,,Starbulk S.A.
11/11/2013,Konstantinos II,2013,82000,0,PERIOD,SWISS MARINE,PORT KELANG,,WORLD WIDE,WORLD WIDE,15/11/2013,25/11/2013,,$/Day,6-8 Months,,Hellenic Carriers
07/11/2013,Ecostar G. O.,2007,75149,0,PERIOD,Windrose,QINGDAO,,WORLD WIDE,WORLD WIDE,15/11/2013,20/11/2013,11800,$/Day,5-8 Months,,Gleamray Maritime
05/11/2013,Torm Island,2010,82194,0,PERIOD,NORDEN,CJK,,WORLD WIDE,WORLD WIDE,06/11/2013,11/11/2013,11750,$/Day,4-6 Months,,Sumitomo Corp
31/10/2013,Leda C,2011,81526,0,PERIOD,UNITED,INCHON,,WORLD WIDE,WORLD WIDE,29/10/2013,31/10/2013,13750,$/Day,4-7 Months,,Target Marine S.A.
31/10/2013,Michele D'Amato,2005,76440,0,PERIOD,QUADRA,SW PASSAGE,,WORLD WIDE,WORLD WIDE,10/11/2013,15/11/2013,16000,$/Day,,650000,Yamamoto Kaiun K.K.
28/10/2013,Tai Promotion,2004,77000,0,PERIOD,E SHIPS,CHIWAN,,WORLD WIDE,WORLD WIDE,30/10/2013,31/10/2013,13500,$/Day,1 Years,,Taiwan Navigation
25/10/2013,Tyana,2010,82158,0,PERIOD,GLENCORE,SHIBUSHI,,WORLD WIDE,WORLD WIDE,29/10/2013,30/10/2013,12000,$/Day,12-15 Months,,Andriaki Shpg. Co.
24/10/2013,Pella,2010,82163,0,PERIOD,BUNGE,SINGAPORE,,WORLD WIDE,WORLD WIDE,25/10/2013,26/10/2013,12500,$/Day,11-13 Months,,Andriaki Shpg. Co.
24/10/2013,Torm Bornholm,2004,75950,0,PERIOD,CNR,TIANJIN,,WORLD WIDE,WORLD WIDE,23/10/2013,24/10/2013,12500,$/Day,11-13 Months,,Mitsubishi Ore Tpt.
23/10/2013,Alexandra,2001,74756,0,PERIOD,GMI,YANTAI,,WORLD WIDE,WORLD WIDE,23/10/2013,23/10/2013,13000,$/Day,4-7 Months,,Carras Hellas
21/10/2013,Ningbo Seal,2011,76032,0,PERIOD,WBC,Cape Passero,,WORLD WIDE,WORLD WIDE,25/10/2013,31/10/2013,15250,$/Day,11-13 Months,,Ningbo Longsheng Sh.
18/10/2013,Prime Daisy,2012,81507,0,PERIOD,BUNGE,LULEA,,world,world,14/11/2013,16/11/2013,16500,$/Day,10-12 Months,,Active Shipping
17/10/2013,Ever Blossom,1997,72517,0,PERIOD,EUROPEAN CHRTR,BILBAO,,worldwde,worldwde,25/10/2013,28/10/2013,19000,$/Day,4-5 Months,,ID Shipping
16/10/2013,Port Star,2012,82177,0,PERIOD,ULTRABULK,HUNTERSTON,,WORLDWIDE,WORLDWIDE,24/10/2013,29/10/2013,20500,$/Day,4-6 Months,,Kobe Shpg.Co. Ltd.
16/10/2013,Pantera Rosa,2009,78844,0,PERIOD,AQUAVITA,BRINDISI,,WORLDWIDE,WORLDWIDE,18/10/2013,20/10/2013,16500,$/Day,9-11 Months,,Koyo Line Ltd.
15/10/2013,Great Rich,2012,75524,0,PERIOD,NOBLE,HONG KONG,,WORLDWIDE,WORLDWIDE,15/10/2013,15/10/2013,12900,$/Day,11-13 Months,,Sinotrans Shpg. Ltd.
11/10/2013,Bahia Blanca SW,2011,76483,0,PERIOD,E SHIPS,N CHINA,,WORLDWIDE,WORLDWIDE,25/10/2013,31/10/2013,13750,$/Day,10-12 Months,,Shih Wei Navigation
11/10/2013,Great Mind,2011,75474,0,PERIOD,WBC,UKC,,WORLDWIDE,WORLDWIDE,25/10/2013,26/10/2013,14500,$/Day,11-13 Days,,Sinotrans Shpg. Ltd.
10/10/2013,Cap Ferrat,2000,75595,0,PERIOD,KLAVENESS,GIBRALTAR,,Gibraltar-Skaw,Gibraltar-Skaw,15/10/2013,18/10/2013,16350,$/Day,100-150 Days,,Cyprus Maritime Co.
10/10/2013,Great Bright,1998,73242,0,PERIOD,NORDEN,Dadong,,WORLDWIDE,WORLDWIDE,10/10/2013,10/10/2013,14900,$/Day,4-5 Months,,Sinotrans Shpg. Ltd.
08/10/2013,Sorrento,2004,76633,0,PERIOD,SWISS MARINE,SHEKOU,,WORLDWIDE,WORLDWIDE,08/10/2013,08/10/2013,13500,$/Day,11-13 Months,,Dryships Inc.
08/10/2013,Oinoussian Lion,1996,71662,0,PERIOD,MOSVOLD,TOKACHI,,WORLDWIDE,WORLDWIDE,20/10/2013,25/10/2013,13000,$/Day,10-13 Months,,Efploia Shpg. Co.
07/10/2013,Giovanni Battista Bottiglieri,1999,75265,0,PERIOD,VITOL,FUJAIRAH,,WORLD WIDE,WORLD WIDE,05/10/2013,10/10/2013,15000,$/Day,4-6 Months,,"Bottiglieri, Rizzo"
07/10/2013,Ribbon,1998,74522,0,PERIOD,VITOL,HALDIA,,WORLD WIDE,WORLD WIDE,27/09/2013,27/09/2013,12500,$/Day,11-13 Months,,Augustea Ship Mngt
07/10/2013,Hephaestus,2001,74350,0,PERIOD,COBELFRET,HUANGPU,,WORLD WIDE,WORLD WIDE,04/10/2013,06/10/2013,14000,$/Day,4-6 Months,,Aegean Bulk Co. Inc.
07/10/2013,Wooyang Queen,1997,71298,0,PERIOD,HAYNE SHIPPING CO LTD SEOUL,CHINA,,WORLDWIDE,WORLDWIDE,20/10/2013,30/10/2013,12000,$/Day,1 Years,,Pacific King Shpg.
07/10/2013,APJ Mahakali,1996,70296,0,PERIOD,PHAETHON,Krishnapatnam,,WORLDWIDE,WORLDWIDE,12/10/2013,17/10/2013,11300,$/Day,3-5 Months,,Apeejay Shipping
04/10/2013,Thor,2005,76838,0,PERIOD,WBC,HIROHATA,,WORLDWIDE,WORLDWIDE,02/10/2013,02/10/2013,16000,$/Day,6 Months,,Primerose Shipping
04/10/2013,Tian Song Feng,2000,74271,0,PERIOD,NOBLE,CJK,,WORLDWIDE,WORLDWIDE,18/10/2013,27/10/2013,12800,$/Day,11-13 Months,,China Shpg. (H.K.)
04/10/2013,Panamax Energy,1998,74083,0,PERIOD,CASTLETON COMMODITIES INTERNATIONAL,GIBRALTAR,,Skaw-Cape Passero,Skaw-Cape Passero,04/10/2013,04/10/2013,16500,$/Day,,,Cyprus Sea Lines
03/10/2013,Ikan Belanak,2005,75744,0,PERIOD,AQUAVITA,GIBRALTAR,,WORLDWIDE,WORLDWIDE,03/10/2013,08/10/2013,17250,$/Day,6-8 Months,,Daiichi Chuo Marine
02/10/2013,Coral Seas,2006,74477,0,PERIOD,OLDENDORFF,BALBOA,,WORLD WIDE,WORLD WIDE,05/10/2013,10/10/2013,14500,$/Day,4-6 Months,900000,Paragon Shpg.
01/10/2013,Cape,1997,73048,0,PERIOD,NOBLE,PARANAGUA,,WORLD WIDE,WORLD WIDE,05/10/2013,10/10/2013,12000,$/Day,11-13 Months,585000,Fenix Ocean Systems
30/09/2013,Jupiter,2006,77171,0,PERIOD,ULTRABULK,PARADIP,,WORLD WIDE,WORLD WIDE,13/10/2013,13/10/2013,13500,$/Day,1 Years,,Gestion Maritime
27/09/2013,Elbe,2001,75259,0,PERIOD,LANSING,MIZUSHIMA,,WORLDWIDE,WORLDWIDE,09/10/2013,12/10/2013,12000,$/Day,13-15 Months,,"Nord, Reederei, Ltd."
27/09/2013,Bright Gemini,2013,82165,0,PERIOD,MOL,MATSUURA,,WORLDWIDE,WORLDWIDE,01/10/2013,06/10/2013,16750,$/Day,4-6 Months,,Meiji Shipping Co.
27/09/2013,YM Rightness,2004,77684,0,PERIOD,OLDENDORFF,TANJUNG BIN,,WORLDWIDE,WORLDWIDE,04/10/2013,09/10/2013,15000,$/Day,4-6 Months,,Kuang Ming Shpg.
26/09/2013,Medi Lausanne,2006,83002,0,PERIOD,NOBLE,GIBRALTAR,,WORLDWIDE,WORLDWIDE,26/09/2013,26/09/2013,19650,$/Day,5-7 Months,,Fukujin Shipping
26/09/2013,Maria Theo,2000,74381,0,PERIOD,OLDENDORFF,BAHRAIN,,WORLDWIDE,WORLDWIDE,26/09/2013,26/09/2013,14250,$/Day,5-7 Months,,Evripos Shipmngmnt.
25/09/2013,Red Lotus,2006,83007,0,PERIOD,AQUAVITA,ENSTED,,WORLDWIDE,WORLDWIDE,24/09/2013,26/09/2013,19000,$/Day,5-7 Months,,Santoku Senpaku
25/09/2013,Archigetis,2011,81076,0,PERIOD,CNR,ULSAN,,WORLDWIDE,WORLDWIDE,29/09/2013,30/09/2013,13500,$/Day,5-7 Months,,Archipelago Shipping
25/09/2013,Tiger North,2013,76000,0,PERIOD,CNR,TAIWAN,,WORLDWIDE,WORLDWIDE,15/10/2013,25/10/2013,12650,$/Day,1 Years,,Greathorse Shipping
24/09/2013,Meteor,2010,82589,0,PERIOD,CNR,PMO,,WORLDWIDE,WORLDWIDE,24/09/2013,24/09/2013,15000,$/Day,5-7 Months,,Orion Bulkers
24/09/2013,Angelic Power,2002,74764,0,PERIOD,NORDEN,CHIWAN,,WORLDWIDE,WORLDWIDE,24/09/2013,24/09/2013,12500,$/Day,5-7 Months,,Diamlemos Shpg. Corp
24/09/2013,Garima Prem,2007,74500,0,PERIOD,MEDMAR,ENNORE,,WORLDWIDE,WORLDWIDE,27/09/2013,02/10/2013,12000,$/Day,7-9 Months,,Mercator Limited
24/09/2013,Panamax Energy,1998,74083,0,PERIOD,CNR,Cape Passero,,Skaw-Gibraltar,Skaw-Gibraltar,27/09/2013,02/10/2013,16500,$/Day,4-6 Months,,Cyprus Sea Lines
24/09/2013,Corviglia,1999,73035,0,PERIOD,CNR,QINGDAO,,WORLDWIDE,WORLDWIDE,29/09/2013,04/10/2013,12000,$/Day,5-7 Months,,Suisse-Atlantique
23/09/2013,Mariolina de Carlini,2010,87337,0,PERIOD,COBELFRET,GANGAVARAM,,WORLDWIDE,WORLDWIDE,23/09/2013,23/09/2013,13500,$/Day,4-6 Months,,"Bottiglieri, Rizzo"
23/09/2013,Galio,2013,81404,0,PERIOD,CLEARLAKE SHIPPING,BAHRAIN,,WORLDWIDE,WORLDWIDE,18/09/2013,18/09/2013,13000,$/Day,4-6 Months,,Sea Traders S.A.
23/09/2013,Galio,2013,81404,0,PERIOD,CLEARLAKE SHIPPING,PMO,,WORLDWIDE,WORLDWIDE,17/09/2013,17/09/2013,12500,$/Day,4-7 Months,,Sea Traders S.A.
20/09/2013,Bulk Portugal,2012,82224,0,PERIOD,MARUBENI,LANSHAN,,WORLDWIDE,WORLDWIDE,02/10/2013,07/10/2013,14250,$/Day,4-7 Months,,Marubeni Corp.
20/09/2013,Argolis,2005,76150,0,PERIOD,OLDENDORFF,QINGDAO,,WORLDWIDE,WORLDWIDE,02/10/2013,07/10/2013,11500,$/Day,35-37 Months,,Efshipping Co S.A.
20/09/2013,Shi Dai 9,2012,75423,0,PERIOD,NOBLE,NORTH CHINA,,WORLDWIDE,WORLDWIDE,25/09/2013,30/09/2013,12000,$/Day,8-10 Months,,Shanghai Time Shpg.
19/09/2013,Venus Horizon,2012,95755,0,PERIOD,WBC,XINSHA,,WORLDWIDE,WORLDWIDE,01/10/2013,06/10/2013,13000,$/Day,11-13 Months,,Safe Bulkers Inc.
19/09/2013,Fortune Miracle,2009,82338,0,PERIOD,CNR,RICHARDS BAY,,WORLDWIDE,WORLDWIDE,20/09/2013,25/09/2013,15000,$/Day,5-7 Months,,Cido Shipping
19/09/2013,Goya,2008,75750,0,PERIOD,SWISS MARINE,SHANGHAI,,WORLDWIDE,WORLDWIDE,20/09/2013,25/09/2013,10750,$/Day,4-6 Months,,Mowinckels Rederi
19/09/2013,Babitonga,2001,75253,0,PERIOD,TOEPFER,Cape Passero,,WORLDWIDE,WORLDWIDE,25/09/2013,30/09/2013,13000,$/Day,8 Months,,"Nord, Reederei, Ltd."
19/09/2013,Great Wisdom,2000,74293,0,PERIOD,CASTLETON COMMODITIES INTERNATIONAL,QINGDAO,,WORLDWIDE,WORLDWIDE,03/10/2013,08/10/2013,11000,$/Day,11-13 Months,,Sinotrans Shpg. Ltd.
18/09/2013,Ellina,2008,82612,0,PERIOD,ULTRABULK,KAKINADA,,WORLDWIDE,WORLDWIDE,22/09/2013,26/09/2013,12000,$/Day,4-6 Months,,Thenamaris (Mgmt.)
18/09/2013,Caravos Harmony,2013,81631,0,PERIOD,BUNGE,BALBOA,,WORLDWIDE,WORLDWIDE,17/09/2013,19/09/2013,11000,$/Day,11-13 Months,800000,Iason Hellenic
18/09/2013,Ever Best,2013,81717,0,PERIOD,CARGILL,XIAMEN,,WORLDWIDE,WORLDWIDE,27/09/2013,02/10/2013,12000,$/Day,5-10 Months,,First S.S.
18/09/2013,Ocean Qingdao,2011,75618,0,PERIOD,CNR,RIZHAO,,WORLDWIDE,WORLDWIDE,14/10/2013,19/10/2013,10200,$/Day,4-6 Months,,Farenco Shipping
18/09/2013,Rosco Olive,2010,74979,0,PERIOD,CNR,LONGKOU,,WORLDWIDE,WORLDWIDE,25/09/2013,30/09/2013,11800,$/Day,5-7 Months,,Rewood Ocean Shpg.
17/09/2013,Bryant,2009,76595,0,PERIOD,OLDENDORFF,GUANGZHOU,,WORLDWIDE,WORLDWIDE,18/09/2013,20/09/2013,12250,$/Day,5-7 Months,,Franco Comp. Nav.
16/09/2013,Vivian,2002,75735,0,PERIOD,AUGUSTEA,SOUTH KOREA,,WORLDWIDE,WORLDWIDE,30/09/2013,30/09/2013,11700,$/Day,12 Months,,Sinochem Shpg.
13/09/2013,Blumenau,2012,81652,0,PERIOD,INTERMARE,MONTOIR,,WORLDWIDE,WORLDWIDE,28/09/2013,30/09/2013,12650,$/Day,12-15 Months,,Rudolf A. Oetker
13/09/2013,Afovos,2001,74350,0,PERIOD,CNR,TIANJIN,,WORLDWIDE,WORLDWIDE,18/09/2013,22/09/2013,10750,$/Day,5-8 Months,,Aegean Bulk Co. Inc.
13/09/2013,Great Intelligence,2000,74293,0,PERIOD,NORDEN,Lianyungang,,WORLDWIDE,WORLDWIDE,25/09/2013,30/09/2013,10250,$/Day,11-13 Months,,Sinotrans Shpg. Ltd.
13/09/2013,Nyon,1999,73035,0,PERIOD,NORDEN,HONG KONG,,WORLDWIDE,WORLDWIDE,19/09/2013,24/09/2013,11000,$/Day,11-13 Months,,Suisse-Atlantique
11/09/2013,Athina,2007,76635,0,PERIOD,CNR,CHINA,,WORLDWIDE,WORLDWIDE,14/09/2013,24/09/2013,10700,$/Day,9-13 Months,,Chronos Shpg. Co.
11/09/2013,Great Jade,1997,73192,0,PERIOD,KLAVENESS,Cape Passero,,WORLDWIDE,ATLANTIC,20/09/2013,30/09/2013,10500,$/Day,11-13 Months,,Sinotrans Shpg. Ltd.
10/09/2013,Xin Hua,2012,82269,0,PERIOD,WBC,QINGDAO,,WORLDWIDE,WORLDWIDE,20/09/2013,25/09/2013,10700,$/Day,4-6 Months,,Far East Leasing
10/09/2013,Pedhoulas Fighter,2012,81541,0,PERIOD,CNR,WC INDIA,,WORLDWIDE,WORLDWIDE,20/09/2013,30/09/2013,11500,$/Day,9-13 Months,,Safe Bulkers Inc.
09/09/2013,F. D. Isabella,2009,82108,0,PERIOD,CNR,TOMOGASHIMA,,WORLDWIDE,WORLDWIDE,14/08/2013,19/08/2013,10500,$/Day,4-6 Months,,Fratelli D'Amato
09/09/2013,Inter Pride,2000,74005,0,PERIOD,SWISS MARINE,PHU MY,,WORLDWIDE,WORLDWIDE,13/09/2013,18/09/2013,10000,$/Day,5-7 Months,,Inter Ocean Shpg
06/09/2013,Densa Flamingo,2012,82671,0,PERIOD,OLDENDORFF,TIANJIN,,WORLDWIDE,WORLDWIDE,06/09/2013,06/09/2013,9500,$/Day,4-6 Months,,Densa Shipping
05/09/2013,Xiao Yu,2012,76116,0,PERIOD,SINOTRANS,BEI HAI,,WORLD WIDE,WORLD WIDE,17/09/2013,22/09/2013,9100,$/Day,11-13 Months,,Shandong Shipping
05/09/2013,Ever Excellent,1998,73965,0,PERIOD,CNR,GUANGZHOU,,WORLD WIDE,WORLD WIDE,15/09/2013,22/09/2013,9500,$/Day,4-9 Months,,Dr. Peters
04/09/2013,Iolcos Harmony,2012,87000,0,PERIOD,GLENCORE,HONG KONG,,WORLDWIDE,WORLDWIDE,04/09/2013,04/09/2013,9500,$/Day,5-8 Months,,Iolcos Hellenic
03/09/2013,Alpha Effort,1999,72844,0,PERIOD,CNR,PMO,,WORLDWIDE,WORLDWIDE,08/09/2013,12/09/2013,9500,$/Day,4-6 Months,,Alpha Tankers & Frt.
30/08/2013,Pedhoulas Commander,2008,83685,0,PERIOD,DREYFUS,HALDIA,,WORLDWIDE,WORLDWIDE,10/09/2013,15/09/2013,10750,$/Day,10-14 Months,,Dia Marine Corp.
30/08/2013,Angelic Grace,2001,74764,0,PERIOD,NORDEN,ENNORE,,WORLDWIDE,WORLDWIDE,01/09/2013,03/09/2013,8500,$/Day,4-6 Months,,Diamlemos Shpg. Corp
28/08/2013,Athanasia C,2012,80988,0,PERIOD,UNITED,XINGANG,,WORLDWIDE,WORLDWIDE,25/08/2013,25/08/2013,9700,$/Day,4-7 Months,,Target Marine S.A.
27/08/2013,Double Joy,2006,76596,0,PERIOD,ABT,XIAMEN,,WORLDWIDE,WORLDWIDE,26/08/2013,27/08/2013,9300,$/Day,5-8 Months,,Pacific Carriers
23/08/2013,Moon Breeze,2011,91807,0,PERIOD,COBELFRET,TAIWAN,,WORLDWIDE,WORLDWIDE,25/08/2013,27/08/2013,8500,$/Day,4-7 Months,,Blenheim Shipping
23/08/2013,Rainbow Ace,2012,81755,0,PERIOD,GRAIN HOUSE,NORTH CHINA,,WORLDWIDE,WORLDWIDE,10/09/2013,15/09/2013,9000,$/Day,11-13 Months,,Fujian Hongfa Group
23/08/2013,Yasa Falcon,2012,81488,0,PERIOD,SK SHIPPING,DANDONG,,WORLDWIDE,WORLDWIDE,01/09/2013,01/09/2013,10250,$/Day,6-8 Months,,Yasa Shpg. Industry
22/08/2013,Yasa Falcon,2012,81488,0,PERIOD,SK SHIPPING,DANDONG,,WORLDWIDE,WORLDWIDE,01/09/2013,08/09/2013,10000,$/Day,6-8 Months,,Yasa Shpg. Industry
22/08/2013,Frontier Leader,2013,81000,0,PERIOD,MARUBENI,FANGCHENG,,WORLDWIDE,WORLDWIDE,25/08/2013,31/08/2013,10500,$/Day,6-9 Months,,Kumiai Senpaku K.K.
21/08/2013,Navios Southern Star,2013,82800,0,PERIOD,VATTENFALL,QUANZHOU,,WORLDWIDE,WORLDWIDE,30/08/2013,04/09/2013,0,$/Day,12-15 Months,,Marubeni Corp.
20/08/2013,Prabhu Shakti,2009,83690,0,PERIOD,CNR,HONG KONG,,WORLDWIDE,WORLDWIDE,18/08/2013,20/08/2013,9750,$/Day,4-6 Months,,Tolani Group of Shpg
19/08/2013,Mykonos Wave,2012,87340,0,PERIOD,CARGILL,LUO YUAN WAN,,WORLDWIDE,WORLDWIDE,20/08/2013,25/08/2013,8500,$/Day,11-15 Months,,Teo Shipping Corp.
16/08/2013,Tenshin Maru,2008,82687,0,PERIOD,NOBLE,CJK,,WORLDWIDE,WORLDWIDE,20/08/2013,25/08/2013,9000,$/Day,6-9 Months,,Kambara Kisen
16/08/2013,Bellatrix,2006,77053,0,PERIOD,CARGILL,LANSHAN,,WORLDWIDE,WORLDWIDE,19/08/2013,21/08/2013,10000,$/Day,5-8 Months,,Orion Bulkers
16/08/2013,Red Jasmine,2006,76596,0,PERIOD,MARUBENI,HONG KONG,,WORLDWIDE,WORLDWIDE,20/08/2013,25/08/2013,10000,$/Day,4-7 Months,,Nissen Kaiun K.K.
16/08/2013,Alpha Loyalty,2007,75884,0,PERIOD,NORDEN,XIAMEN,,WORLDWIDE,WORLDWIDE,22/08/2013,27/08/2013,9350,$/Day,4-6 Months,,Alpha Tankers & Frt.
15/08/2013,Krousson,2011,81316,0,PERIOD,UNITED,RIZHAO,,WORLDWIDE,WORLDWIDE,13/08/2013,15/08/2013,9500,$/Day,110-180 Days,,Efshipping Co S.A.
15/08/2013,Krousson,2011,81316,0,PERIOD,UNITED,RIZHAO,,WORLDWIDE,WORLDWIDE,13/08/2013,15/08/2013,9250,$/Day,4-7 Months,,Efshipping Co S.A.
15/08/2013,Puma Max,2012,81339,0,PERIOD,NOBLE,SOUTH KOREA,,WORLDWIDE,WORLDWIDE,15/08/2013,15/08/2013,7963.92,$/Day,11-13 Months,,Enterprises Shpg.
15/08/2013,Torm Orient,2008,76636,0,PERIOD,COBELFRET,Pyongtaek,,WORLDWIDE,WORLDWIDE,20/08/2013,25/08/2013,8750,$/Day,4-6 Months,,Orient Line Co. Ltd.
15/08/2013,Luyang Rising,2012,76243,0,PERIOD,HYUNDAI GLOVIS,CJK,,WORLDWIDE,WORLDWIDE,20/08/2013,25/08/2013,8750,$/Day,4-7 Months,,Qingdao Luyang S.M.
15/08/2013,Ocean Lion,2005,75656,0,PERIOD,OLDENDORFF,TIANJIN,,WORLDWIDE,WORLDWIDE,20/08/2013,25/08/2013,8500,$/Day,4-8 Months,,Primerose Shipping
12/08/2013,Santa Rosalia,2008,75886,0,PERIOD,OLDENDORFF,KINUURA,,WORLDWIDE,WORLDWIDE,25/08/2013,30/08/2013,8500,$/Day,8-10 Months,,Mitsubishi Ore Tpt.
09/08/2013,Maverick Guardian,2012,82740,0,PERIOD,PCL,FANGCHENG,,WORLDWIDE,WORLDWIDE,07/08/2013,12/08/2013,10000,$/Day,4-6 Months,,Efploia Shpg. Co.
09/08/2013,Bulk Portugal,2012,82224,0,PERIOD,CHINESE GRAIN CHRTR,BEI HAI,,WORLD WIDE,WORLD WIDE,21/08/2013,24/08/2013,10500,$/Day,4-7 Months,,Marubeni Corp.
08/08/2013,Bottiglieri Franco Vela,2010,93274,0,PERIOD,AQUAVITA,Cape Passero,,WORLD WIDE,WORLD WIDE,10/08/2013,12/08/2013,13000,$/Day,4-6 Months,,Giuseppe Bottiglieri
08/08/2013,Paraskevi,2003,74269,0,PERIOD,CNR,DALIAN,,WORLD WIDE,WORLD WIDE,13/08/2013,20/08/2013,8500,$/Day,7-9 Months,,Safe Bulkers Inc.
07/08/2013,Constantinos G.O.,2011,87447,0,PERIOD,BUNGE,DANDONG,,WORLD WIDE,WORLD WIDE,07/08/2013,07/08/2013,8500,$/Day,11-13 Months,,Gleamray Maritime
06/08/2013,Super Grace,2011,81601,0,PERIOD,CNR,CJK,,WORLDWIDE,WORLDWIDE,12/08/2013,17/08/2013,8900,$/Day,4-6 Months,,Hong Kong Qinfa Shpg
02/08/2013,Nirefs,2001,75311,0,PERIOD,GMI,ZHANJIANG,,WORLDWIDE,WORLDWIDE,04/08/2013,09/08/2013,8900,$/Day,12-15 Months,,Diana Shipping Inc.
01/08/2013,Yannis Gorgias,2010,87375,0,PERIOD,BUNGE,YURA,,WORLDWIDE,WORLDWIDE,01/08/2013,04/08/2013,8500,$/Day,11-13 Months,,Iolcos Hellenic
01/08/2013,Densa Pelican,2012,82744,0,PERIOD,GLENCORE,SINGAPORE,,WORLDWIDE,WORLDWIDE,07/08/2013,11/08/2013,9250,$/Day,4-6 Months,,Densa Shipping
01/08/2013,Rosco Plum,2004,76801,0,PERIOD,NOBLE,BEILUN,,WORLDWIDE,WORLDWIDE,09/08/2013,11/08/2013,8250,$/Day,4-7 Months,,Rewood Ocean Shpg.
29/07/2013,Oinoussian Lady,2004,76704,0,PERIOD,POLARIS,JUBAIL,,WORLD WIDE,WORLD WIDE,28/07/2013,02/08/2013,10500,$/Day,4-7 Months,,Efploia Shpg. Co.
29/07/2013,Sea Of Future,2005,76454,0,PERIOD,OLDENDORFF,BEI HAI,,WORLDWIDE,WORLDWIDE,29/07/2013,29/07/2013,7700,$/Day,3-6 Months,,Daebo Shipping
26/07/2013,Rosco Cypress,2004,76801,0,PERIOD,SINOTRANS,NANAO,,WORLDWIDE,WORLDWIDE,04/08/2013,07/08/2013,8500,$/Day,11-13 Months,,Rewood Ocean Shpg.
26/07/2013,Newlead Victoria,2002,75966,0,PERIOD,CNR,MUMBAI,,WORLDWIDE,WORLDWIDE,26/07/2013,30/07/2013,8750,$/Day,90-150 Days,,NewLead Holdings
19/07/2013,CK Bluebell,2011,81147,0,PERIOD,GLENCORE,BUTTERWORTH,,WORLDWIDE,WORLDWIDE,25/07/2013,30/07/2013,8500,$/Day,11-13 Months,,Chang Myung Shipping
19/07/2013,Navios Helios,2005,77075,0,PERIOD,CASTLETON COMMODITIES INTERNATIONAL,CJK,,WORLDWIDE,WORLDWIDE,17/07/2013,19/07/2013,8250,$/Day,4-8 Months,,Navios Holdings
19/07/2013,Meenakshi,2012,75700,0,PERIOD,GMI,QINZHOU,,WORLDWIDE,WORLDWIDE,17/07/2013,19/07/2013,8250,$/Day,8-12 Months,,PT Arpeni Pratama
19/07/2013,Navios Magellan,2000,74333,0,PERIOD,GLENCORE,ENNORE,,WORLDWIDE,WORLDWIDE,19/07/2013,20/07/2013,9000,$/Day,6-8 Months,,Navios Holdings
18/07/2013,Samudera Bangsa,1997,72421,0,PERIOD,D'AMATO,RIZHAO,,WORLDWIDE,WORLDWIDE,20/07/2013,25/07/2013,7000,$/Day,4-6 Months,,Trada Maritime
17/07/2013,Hanjin Paradip,2013,82000,0,PERIOD,VATTENFALL,RIZHAO,,WORLDWIDE,WORLDWIDE,28/07/2013,29/07/2013,9100,$/Day,12 Months,,ID Shipping
17/07/2013,Bonanza Kotobuki,2012,75051,0,PERIOD,COPENSHIP,GIBRALTAR,,Skaw-Cape Passero,Skaw-Cape Passero,22/07/2013,27/07/2013,12000,$/Day,60-100 Days,,Daiichi Chuo
17/07/2013,Ever Shining,1999,74346,0,PERIOD,DANA SHIPPING,MALAYSIA,,WORLDWIDE,WORLDWIDE,01/08/2013,10/08/2013,8000,$/Day,4-8 Months,,First S.S.
16/07/2013,Clio,2005,73691,0,PERIOD,CARGILL,CHINA,,WORLDWIDE,WORLDWIDE,25/07/2013,30/07/2013,8600,$/Day,23-25 Months,,Diana Shipping Inc.
16/07/2013,Angelic Peace,2001,74764,0,PERIOD,BUNGE,HALDIA,,WORLDWIDE,WORLDWIDE,20/07/2013,22/07/2013,8050,$/Day,4-7 Months,,Diamlemos Shpg. Corp
15/07/2013,Gerasimos,1996,70296,0,PERIOD,NOBLE,TAIZHOU,,WORLDWIDE,WORLDWIDE,15/07/2013,16/07/2013,7500,$/Day,5-8 Months,,"Nomikos, Evangelos"
12/07/2013,Filomena Lembo,2006,82790,0,PERIOD,CNR,PMO,,WORLDWIDE,WORLDWIDE,12/07/2013,12/07/2013,9650,$/Day,4-6 Months,,Deiulemar Shipping
12/07/2013,Ecofaith G.O.,2012,81882,0,PERIOD,OLDENDORFF,PHU MY,,WORLDWIDE,WORLDWIDE,14/07/2013,16/07/2013,8000,$/Day,4-7 Months,,Gleamray Maritime
12/07/2013,Yasa Unity,2006,75621,0,PERIOD,MARUBENI,PARADIP,,WORLDWIDE,WORLDWIDE,10/07/2013,12/07/2013,9000,$/Day,4-6 Months,,Yasa Shpg. Industry
11/07/2013,Mokpo Star,2012,82852,0,PERIOD,CLEARLAKE SHIPPING,TIANJIN,,WORLDWIDE,WORLDWIDE,11/07/2013,11/07/2013,7500,$/Day,4-7 Months,,Dusung Shipping Co.
04/07/2013,Bulk Indonesia,2011,95712,0,PERIOD,PHAETHON,MORMUGAO,,WORLD WIDE,WORLD WIDE,06/07/2013,08/07/2013,8750,$/Day,3-5 Months,,Nissen Kaiun K.K.
04/07/2013,Rosco Palm,2011,82153,0,PERIOD,UNITED,HIROHATA,,WORLD WIDE,WORLD WIDE,06/07/2013,11/07/2013,8750,$/Tonne,11-13 Months,,Rewood Ocean Shpg.
03/07/2013,Daebo Newcastle,2011,81398,0,PERIOD,BEIBU GULF,LUMUT,,WORLD WIDE,WORLD WIDE,04/07/2013,09/07/2013,8150,$/Day,2-4 Months,,Daebo Shipping
03/07/2013,Nostos S,2005,76620,0,PERIOD,COPENSHIP,JORF LASFAR,,Skaw-Cape Passero,Skaw-Cape Passero,10/07/2013,15/07/2013,10500,$/Day,60-115 Days,,Order Shipping
02/07/2013,Panagia Stenion,2012,76072,0,PERIOD,PHAETHON,KANDLA,,WORLD WIDE,WORLD WIDE,04/07/2013,07/07/2013,7750,$/Day,4-6 Months,,Katsikis & Sigalas
02/07/2013,Good Luck,2011,75031,0,PERIOD,BUNGE,CJK,,WORLD WIDE,WORLD WIDE,02/07/2013,02/07/2013,7100,$/Day,4-7 Months,,Shandong F.E. Marine
28/06/2013,Calipso,2005,73691,0,PERIOD,CARGILL,FAR EAST,,WORLD WIDE,WORLD WIDE,20/07/2013,30/07/2013,8100,$/Day,21-25 Months,,Diana Shipping Inc.
25/06/2013,Jupiter,2006,77171,0,PERIOD,ULTRABULK,XINGANG,,,,23/06/2013,25/06/2013,8000,$/Day,3-6 Months,,Gestion Maritime
24/06/2013,Clara,2006,77073,0,PERIOD,AQUAVITA,IMMINGHAM,,Skaw-Cape Passero,Skaw-Cape Passero,28/06/2013,03/07/2013,10250,$/Day,3 Months,,"Blumenthal, Johann"
21/06/2013,Lord Byron,2005,76838,0,PERIOD,NORDEN,PARADIP,,WORLDWIDE,WORLDWIDE,28/06/2013,03/07/2013,,$/Day,11-13 Months,,Primerose Shipping
19/06/2013,Pina Cafiero,2002,75688,0,PERIOD,GMI,MARIVELES,,WORLD WIDE,WORLD WIDE,26/06/2013,28/06/2013,7750,$/Day,7 Months,,Augustea Ship Mngt
14/06/2013,Rena,2011,80333,0,PERIOD,QUADRA,DALIAN,,WORLD WIDE,WORLD WIDE,14/06/2013,14/06/2013,,,11-13 Months,,Trojan Maritime Inc
13/06/2013,Lia M,2013,84094,0,PERIOD,COPENSHIP,Trombetas,,Skaw-Cape Passero,Skaw-Cape Passero,25/06/2013,25/06/2013,9000,$/Day,60-100 Days,350000,Transmed Shipping
06/06/2013,Iron Vassilis,2006,82257,0,PERIOD,COPENSHIP,ULSAN,,WORLDWIDE,WORLDWIDE,26/06/2013,26/06/2013,8250,$/Day,6-8 Months,,Excel Maritime Carr.
06/06/2013,Andrea D'Amato,2008,76619,0,PERIOD,VATTENFALL,SHANGHAI,,WORLD WIDE,WORLD WIDE,06/06/2013,06/06/2013,7750,$/Day,11-13 Months,,Shoei Kisen K.K.
04/06/2013,Darya Lok,2012,81874,0,PERIOD,CNR,LANSHAN,,WORLD WIDE,WORLD WIDE,01/06/2013,05/06/2013,5750,$/Day,2-4 Months,,KC Maritime Ltd.
03/06/2013,Bulk Monaco,2008,76596,0,PERIOD,CNR,ENNORE,,WORLD WIDE,WORLD WIDE,06/06/2013,11/06/2013,8100,$/Day,4-6 Months,,Eiko Kisen
29/05/2013,Darya Gayatri,2012,81874,0,PERIOD,OLDENDORFF,HAMBURG,,Skaw-Cape Passero,Skaw-Cape Passero,28/05/2013,30/05/2013,9000,$/Day,60-90 Days,,KC Maritime Ltd.
24/05/2013,Altair,2001,74665,0,PERIOD,NOBLE,RECALADA,,Skaw-Cape Passero,Skaw-Cape Passero,06/06/2013,11/06/2013,9000,$/Day,3-5 Months,430000,Tomasos Brothers
23/05/2013,Diamond Seas,2001,74274,0,PERIOD,LOUIS DREYFUS,RECALADA,,WORLD WIDE,WORLD WIDE,06/06/2013,11/06/2013,9000,$/Day,4-8 Months,800000,Paragon Shpg.
22/05/2013,Diamantina,2010,82139,0,PERIOD,COPENSHIP,GIBRALTAR,,Skaw-Cape Passero,Skaw-Cape Passero,17/05/2013,17/05/2013,9500,$/Day,60-100 Days,,Neda Maritime Agency
22/05/2013,Penda Bulker,2005,76520,0,PERIOD,CNR,YOSU,,WORLD WIDE,WORLD WIDE,01/06/2013,05/06/2013,9500,$/Day,3 Months,,Imecs Co. Ltd.
15/05/2013,Ever Best,2013,82000,0,PERIOD,WORLDWIDE SHIPPING,QINGDAO,,WORLD WIDE,WORLD WIDE,30/05/2013,30/05/2013,9000,$/Day,11-13 Months,,
10/05/2013,Yu Zhu Feng,2011,75519,0,PERIOD,COPENSHIP,PORTO TORRES,,ATLANTIC,ATLANTIC,11/05/2013,12/05/2013,9350,$/Day,60-100 Days,,China Shipping Bulk
10/05/2013,Fortune Daisy,2011,74979,0,PERIOD,CNR,QINHUANGDAO,,WORLD WIDE,WORLD WIDE,12/05/2013,17/05/2013,8250,$/Day,4-7 Months,,Cido Shipping
08/05/2013,Rosco Sandalwood,2004,76801,0,PERIOD,NORDEN,LUMUT,,WORLD WIDE,WORLD WIDE,13/05/2013,15/05/2013,9000,$/Day,11-13 Months,,Rewood Ocean Shpg.
03/05/2013,Cymbeline,2001,73060,0,PERIOD,GMI,SOUTH KOREA,,WORLD WIDE,WORLD WIDE,03/05/2013,03/05/2013,8000,$/Day,4-7 Months,,Hadley Shpg. Co.
26/04/2013,Tai Prosperity,2006,77747,0,PERIOD,FRATELLI D'AMATO,CJK,,WORLD WIDE,WORLD WIDE,05/05/2013,10/05/2013,9250,$/Day,11-13 Months,,Taiwan Navigation
24/04/2013,Bahia 1,2012,82250,0,PERIOD,BUNGE,ROTTERDAM,,WORLD WIDE,WORLD WIDE,24/04/2013,24/04/2013,15000,$/Day,4-6 Months,,Nissen Kaiun K.K.
24/04/2013,Red Rose,2003,76629,0,PERIOD,GMI,KAWASAKI,,WORLD WIDE,WORLD WIDE,26/04/2013,01/05/2013,9250,$/Day,4-6 Months,,Shoei Kisen K.K.
22/04/2013,Great Glory,1997,73274,0,PERIOD,AQUAVITA,Cape Passero,,WORLD WIDE,WORLD WIDE,24/04/2013,25/04/2013,11250,$/Day,5-7 Months,,Sinotrans Shpg. Ltd.
22/04/2013,Great Glory,1997,73274,0,PERIOD,HUDSON,PARADIP,,WORLDWIDE,WORLDWIDE,24/04/2013,25/04/2013,10000,$/Day,5-8 Months,,Sinotrans Shpg. Ltd.
19/04/2013,Medi Antwerp,2007,76596,0,PERIOD,ABT,GIJON,,WORLD WIDE,WORLD WIDE,28/04/2013,30/04/2013,13500,$/Day,5-8 Months,,Taiheiyo Kisen K.K.
18/04/2013,Anna Maria,2012,81404,0,PERIOD,BUNGE,PIRAEUS,,WORLD WIDE,WORLD WIDE,14/04/2013,14/04/2013,13500,$/Day,5-8 Months,,Aegean Bulk Co. Inc.
15/04/2013,Inception,2011,80283,0,PERIOD,GOLDEN OCEAN,DALIAN,,WORLD WIDE,WORLD WIDE,18/04/2013,21/04/2013,9750,$/Day,4-6 Months,,Aegean Bulk Co. Inc.
12/04/2013,Glory Rotterdam,2001,74716,0,PERIOD,ABML,Cape Passero,,WORLD WIDE,WORLD WIDE,12/04/2013,12/04/2013,12000,$/Day,5-8 Months,,Sea Star Ships
12/04/2013,Ribbon,1998,74522,0,PERIOD,HUDSON,PMO,,WORLD WIDE,WORLD WIDE,12/04/2013,12/04/2013,9500,$/Day,5-8 Months,,Augustea Ship Mngt
09/04/2013,Cretan Wave,2001,74107,0,PERIOD,WBC,Cape Passero,,WORLD WIDE,WORLD WIDE,12/04/2013,17/04/2013,12000,$/Day,5-8 Months,,Teo Shipping Corp.
08/04/2013,Nyon,1999,73035,0,PERIOD,EUROPEAN CHARTERER,NANJING,,WORLD WIDE,WORLD WIDE,10/04/2013,15/04/2013,10000,$/Day,5-7 Months,,Suisse-Atlantique
05/04/2013,Kynouria,2012,81354,0,PERIOD,CNR,Lianyungang,,WORLD WIDE,WORLD WIDE,02/04/2013,02/04/2013,10300,$/Day,5-7 Months,,Efshipping Co S.A.
05/04/2013,Melia,2005,76225,0,PERIOD,RIO TINTO,CJK,,WORLD WIDE,WORLD WIDE,16/04/2013,30/04/2013,9700,$/Day,11-13 Years,,Diana Shipping Inc.
05/04/2013,Xiao Yu,2012,76116,0,PERIOD,NORDEN,Machong,,WORLDWIDE,WORLDWIDE,03/04/2013,03/04/2013,9500,$/Day,5-7 Months,,Shandong Shipping
27/03/2013,Hai Ji,2004,73601,0,PERIOD,CNR,PORT KELANG,,WORLD WIDE,WORLD WIDE,30/03/2013,04/04/2013,9750,$/Day,5-8 Months,,COSCO (Hong Kong)
26/03/2013,Xin Shun,2002,75846,0,PERIOD,CNR,TAICHUNG,,WORLD WIDE,WORLD WIDE,25/03/2013,30/03/2013,9750,$/Day,3-5 Months,,IMC Ship Man.
26/03/2013,Blue Mont Blanc,1998,74043,0,PERIOD,OLDENDORFF,KOBE,,WORLD WIDE,WORLD WIDE,30/03/2013,05/04/2013,9500,$/Day,3-5 Months,,Panstar Shipping
25/03/2013,Andros,2010,82158,0,PERIOD,AZURE,PMO,,WORLD WIDE,WORLD WIDE,19/03/2013,19/03/2013,10000,$/Day,12-14 Months,,Andriaki Shpg. Co.
22/03/2013,Great Ambition,1999,73725,0,PERIOD,NORDEN,LUMUT,,WORLD WIDE,WORLD WIDE,28/03/2013,02/04/2013,9350,$/Day,11-13 Months,,Sinotrans Shpg. Ltd.
22/03/2013,Yuan Hui Hai,2006,74456,0,PERIOD,ACB,SKAW,,Skaw-Cape Passero,Skaw-Cape Passero,31/03/2013,05/04/2013,9650,$/Day,5-7 Months,,COSBULK
21/03/2013,Drin,1996,73087,0,PERIOD,CNR,XINSHA,,WORLD WIDE,WORLD WIDE,25/03/2013,30/03/2013,9250,$/Day,6-9 Months,,Gestion Maritime
20/03/2013,London 2012,2007,82562,0,PERIOD,CNR,Cape Passero,,WORLD WIDE,WORLD WIDE,25/03/2013,26/03/2013,13000,$/Day,6-9 Months,,Tsakos Shpg. & Trad.
19/03/2013,Grace Future,2006,75375,0,PERIOD,WBC,CHINA,,WORLD WIDE,WORLD WIDE,10/04/2013,20/04/2013,9500,$/Day,11-13 Months,,Mitsui O.S.K. Lines
18/03/2013,Nicos L,2002,73193,0,PERIOD,GRAIN HOUSE,psg Singapore,,WORLD WIDE,WORLD WIDE,15/03/2013,15/03/2013,10250,$/Day,6-8 Months,,Vrontados Shipping
18/03/2013,Panorama,2012,81504,0,PERIOD,CNR,DALIAN,,WORLD WIDE,WORLD WIDE,17/03/2013,18/03/2013,9500,$/Day,6-8 Months,,Meadway Shpg. & Trdg
18/03/2013,Golden Lyderhorn,1999,74242,0,PERIOD,PGSC,GUANGZHOU,,WORLD WIDE,WORLD WIDE,31/03/2013,03/04/2013,10000,$/Day,4-6 Months,,Golden Ocean
15/03/2013,Transpacific,2012,82000,0,PERIOD,HUDSON,PHU MAY,,WORLD WIDE,WORLD WIDE,11/03/2013,16/03/2013,10500,$/Day,6-9 Months,,Alpha Tankers & Frt.
14/03/2013,De Ping Hai,2002,74816,0,PERIOD,COPENSHIP,SAN CIPRIAN,,Skaw-Cape Passero,Skaw-Cape Passero,21/03/2013,26/03/2013,9500,$/Day,4-6 Months,,COSCO Qingdao
14/03/2013,Navios Helios,2005,77075,0,PERIOD,GOLDEN OCEAN,BARCELONA,,WORLD WIDE,WORLD WIDE,26/03/2013,31/03/2013,17000,$/Day,3-5 Months,,Navios Holdings
14/03/2013,Wadi Sudr,1994,64214,0,PERIOD,STX PAN OCEAN,XIAMEN,,WORLD WIDE,WORLD WIDE,15/03/2013,19/03/2013,9500,$/Day,3-6 Months,,National Navigation
13/03/2013,Rosco Ginkgo,2005,76620,0,PERIOD,WBC,MARIN,,WORLD WIDE,WORLD WIDE,19/03/2013,21/03/2013,13500,$/Day,5-7 Months,,Rewood Ocean Shpg.
13/03/2013,Shao Shan 6,2012,75700,0,PERIOD,NOBLE,NAGOYA,,WORLDWIDE,WORLDWIDE,23/03/2013,25/03/2013,9500,$/Day,5-7 Months,,COSCO Hunan
11/03/2013,Fortune Island,2008,82331,0,PERIOD,OLDENDORFF,KIMITSU,,WORLD WIDE,WORLD WIDE,14/03/2013,16/03/2013,9750,$/Day,4-7 Months,,
11/03/2013,Hong Yuan,2009,76574,0,PERIOD,CNR,Cape Passero,,WORLDWIDE,WORLDWIDE,09/03/2013,14/03/2013,10250,$/Day,4-6 Months,,
11/03/2013,Sea of Gracia,2003,76015,0,PERIOD,AUGUSTEA,QINGDAO,,WORLD WIDE,WORLD WIDE,16/03/2013,20/03/2013,9250,$/Day,4-6 Months,,
08/03/2013,Rodon Amarandon,2001,74090,0,PERIOD,NORDEN,NANTONG,,WORLD WIDE,WORLD WIDE,14/03/2013,19/03/2013,9300,$/Day,5-8 Months,,Goulandris Bros.
07/03/2013,Good Wish,2011,75031,0,PERIOD,NORDEN,TIANJIN,,WORLD WIDE,WORLD WIDE,07/03/2013,07/03/2013,9250,$/Day,6-9 Months,,Shandong F.E. Marine
07/03/2013,Calipso,2005,73691,0,PERIOD,NORDEN,CJK,,WORLD WIDE,WORLD WIDE,07/03/2013,07/03/2013,9250,$/Day,2-5 Months,,Diana Shipping Inc.
07/03/2013,Sri Prem Veena,2007,82459,0,PERIOD,MEDMAR,CHINA,,WORLD WIDE,WORLD WIDE,20/03/2013,30/03/2013,9750,$/Day,11-13 Months,,Mercator Limited
07/03/2013,Euro Carrier,2004,76602,0,PERIOD,NORDEN,HUANGPU,,WORLD WIDE,WORLD WIDE,13/03/2013,20/03/2013,9000,$/Day,6-10 Months,,Euroceanica (UK)
06/03/2013,Rose Atlantic,2005,75734,0,PERIOD,NORDEN,SHEKOU,,WORLD WIDE,WORLD WIDE,09/03/2013,14/03/2013,9500,$/Day,9-12 Months,,World Marine Co.
06/03/2013,Bulk Portugal,2012,82224,0,PERIOD,CNR,KASHIMA,,WORLD WIDE,WORLD WIDE,20/03/2013,24/03/2013,11250,$/Day,5-7 Months,,Marubeni Corp.
06/03/2013,Rose Atlantic,2005,75734,0,PERIOD,EUROPEAN CHARTERER,SHEKOU,,WORLD WIDE,WORLD WIDE,09/03/2013,13/03/2013,9500,$/Day,9-12 Months,,World Marine Co.
06/03/2013,Conti Spinell,2011,75035,0,PERIOD,EDF,UBE,,WORLD WIDE,WORLD WIDE,08/03/2013,10/03/2013,9150,$/Day,4-6 Months,,Conti Reederei
05/03/2013,Ligari,2004,75583,0,PERIOD,WBC,CJK,,WORLD WIDE,WORLD WIDE,05/03/2013,05/03/2013,9500,$/Day,6-8 Months,,Dryships Inc.
04/03/2013,Centrans Artemis,2011,93103,0,PERIOD,CNR,PMO,,WORLD WIDE,WORLD WIDE,04/03/2013,09/03/2013,7500,$/Day,4-7 Months,,Centrans Ocean
04/03/2013,OEL Confidence,2012,81699,0,PERIOD,CNR,LANSHAN,,WORLD WIDE,WORLD WIDE,08/03/2013,13/03/2013,9500,$/Day,4-6 Months,,HOSCO
04/03/2013,Nord Luna,2009,77171,0,PERIOD,OLDENDORFF,JAPAN,,WORLD WIDE,WORLD WIDE,05/03/2013,10/03/2013,9500,$/Day,4-7 Months,,Mitsubishi Ore Tpt.
04/03/2013,Coral Jasper,2012,78087,0,PERIOD,LANSING,TANJUNG BIN,,WORLD WIDE,WORLD WIDE,11/03/2013,13/03/2013,11000,$/Day,5-8 Months,,Nippon Yusen Kaisha
01/03/2013,Kesaria,2009,81932,0,PERIOD,GLENCORE,KASHIMA,,WORLD WIDE,WORLD WIDE,06/03/2013,11/03/2013,10000,$/Day,11-13 Months,,Andriaki Shpg. Co.
28/02/2013,Lito,2012,81970,0,PERIOD,NORDEN,QINGDAO,,WORLD WIDE,WORLD WIDE,28/02/2013,28/02/2013,10500,$/Day,4-7 Months,,Larus S.A.
28/02/2013,RBD Capri,2008,76619,0,PERIOD,OLDENDORFF,CJK,,WORLD WIDE,WORLD WIDE,04/03/2013,08/03/2013,9000,$/Day,4-8 Months,,Shoei Kisen K.K.
28/02/2013,Guo Yuan 10,2011,75980,0,PERIOD,CNR,GUANGZHOU,,WORLD WIDE,WORLD WIDE,03/03/2013,05/03/2013,9900,$/Day,4-7 Months,,Shanghai Guohang
25/02/2013,Archimedes,2011,81123,0,PERIOD,DREYFUS,PARADIP,,SINGAPORE-JAPAN,SINGAPORE-JAPAN,04/03/2013,10/03/2013,9750,$/Day,3-6 Months,,Archipelago Shipping
21/02/2013,Michele D'Amato,2005,76440,0,PERIOD,CNR,CHINA,,WORLD WIDE,WORLD WIDE,17/02/2013,18/02/2013,8500,$/Day,4-6 Months,,Yamamoto Kaiun K.K.
21/02/2013,Guo Yuan 10,2011,75980,0,PERIOD,HMM,GUANGZHOU,,WORLD WIDE,WORLD WIDE,03/03/2013,10/03/2013,8800,$/Day,4-7 Months,,Shanghai Guohang
21/02/2013,Cinzia d'Amato,2008,75213,0,PERIOD,PGSC,MARIVELES,,WORLD WIDE,WORLD WIDE,22/02/2013,28/02/2013,8600,$/Day,5-7 Months,,Perseveranza di Nav.
21/02/2013,Nord Luna,2009,77171,0,PERIOD,WBC,JAPAN,,WORLD WIDE,WORLD WIDE,21/02/2013,21/02/2013,8800,$/Day,4-7 Years,,Mitsubishi Ore Tpt.
20/02/2013,Valeria Della Gatta,2009,82193,0,PERIOD,GLENCORE,GIBRALTAR,,WORLD WIDE,WORLD WIDE,24/02/2013,04/03/2013,10900,$/Day,18-24 Months,,Ledi Shipping S.r.l.
20/02/2013,Yutai Ambitions,2008,77283,0,PERIOD,BEIBU GULF,DONG GUAN,,WORLD WIDE,WORLD WIDE,20/02/2013,20/03/2013,8500,$/Day,5-8 Months,,Taiship Development
20/02/2013,Rosco Cypress,2004,76801,0,PERIOD,CNR,FANGCHENG,,WORLD WIDE,WORLD WIDE,01/03/2013,05/03/2013,8500,$/Day,4-6 Months,,Rewood Ocean Shpg.
20/02/2013,Coal Pride,1999,72493,0,PERIOD,HUDSON,ZHOUSHAN,,WORLD WIDE,WORLD WIDE,25/02/2013,28/02/2013,8000,$/Day,5-7 Months,,Excel Maritime Carr.
19/02/2013,Oriental Wise,2011,81601,0,PERIOD,COBELFRET,CJK,,WORLD WIDE,WORLD WIDE,22/02/2013,23/02/2013,8750,$/Day,5-8 Months,,Hong Kong Qinfa Shpg
19/02/2013,BBG Bright,2012,82043,0,PERIOD,CNR,SINGAPORE,,WORLD WIDE,WORLD WIDE,07/02/2013,07/02/2013,8000,$/Day,4-7 Months,145000,Guangxi Beibu
15/02/2013,Leonardo Lembo,1996,75473,0,PERIOD,SOLYM CARRIERS,LONGKOU,,WORLD WIDE,WORLD WIDE,18/02/2013,24/02/2013,7750,$/Day,4-6 Months,,Deiulemar Shipping
15/02/2013,Danae,2001,75106,0,PERIOD,INTERMARE,CHINA,,WORLD WIDE,WORLD WIDE,18/03/2013,22/02/2013,8250,$/Day,18-22 Months,,Diana Shipping Inc.
15/02/2013,Angelic Peace,2001,74764,0,PERIOD,COBELFRET,PORT SUDAN,,WORLD WIDE,WORLD WIDE,25/02/2013,05/02/2013,8500,$/Day,4-6 Months,,Diamlemos Shpg. Corp
14/02/2013,Iron Lindrew,2007,82191,0,PERIOD,GLENCORE,SINGAPORE,,WORLD WIDE,WORLD WIDE,13/02/2013,13/02/2013,8500,$/Day,4-7 Months,,Excel Maritime Carr.
14/02/2013,Figalia Prudence,2012,81498,0,PERIOD,LOUIS DREYFUS,YOSU,,WORLD WIDE,WORLD WIDE,17/02/2013,22/02/2013,8250,$/Day,4-7 Months,,Plutofylax Shipping
14/02/2013,Prabhu Das,2005,76015,0,PERIOD,SWISS MARINE,HALDIA,,WORLD WIDE,WORLD WIDE,14/02/2013,19/02/2013,8250,$/Day,4-7 Months,,Tolani Group of Shpg
13/02/2013,Iron Manolis,2007,82800,0,PERIOD,GLENCORE,PMO,,WORLD WIDE,WORLD WIDE,22/02/2013,28/02/2013,8500,$/Day,5-7 Months,,Excel Maritime Carr.
13/02/2013,Ariana,2005,76631,0,PERIOD,GLENCORE,SINGAPORE,,WORLD WIDE,WORLD WIDE,17/02/2013,20/02/2013,8500,$/Day,5-7 Months,,Andriaki Shpg. Co.
11/02/2013,Orient Ambition,2012,81666,0,PERIOD,PHAETHON,SINGAPORE,,WORLD WIDE,WORLD WIDE,11/02/2013,11/02/2013,7250,$/Day,4-7 Months,,HOSCO
11/02/2013,Evoikos Theo,2000,75681,0,PERIOD,GRAIN HOUSE,BUSAN,,WORLD WIDE,WORLD WIDE,11/02/2013,14/02/2013,8500,$/Day,4-7 Months,,Evripos Shipmngmnt.
08/02/2013,Alcmene,2010,93193,0,PERIOD,ADM,SINGAPORE,,WORLD WIDE,WORLD WIDE,08/02/2013,08/02/2013,7250,$/Day,18-22 Months,,Diana Shipping Inc.
08/02/2013,Ecostar G. O.,2007,75149,0,PERIOD,NORDEN,XIAMEN,,WORLD WIDE,WORLD WIDE,15/02/2013,20/02/2013,7250,$/Day,5-9 Months,,Gleamray Maritime
07/02/2013,Bulk Brasil,2008,82449,0,PERIOD,ITALIAN CHARTERER,QINGDAO,,WORLD WIDE,WORLD WIDE,07/02/2013,07/02/2013,,$/Day,4-7 Months,,Mitsui & Co. Ltd.
07/02/2013,Athanasia C,2012,80988,0,PERIOD,GLENCORE,KUNSAN,,WORLD WIDE,WORLD WIDE,15/02/2013,20/02/2013,8000,$/Day,4-8 Months,,Target Marine S.A.
06/02/2013,Vishva Jyoti,2012,82000,0,PERIOD,PGSC,HALDIA,,WORLD WIDE,WORLD WIDE,13/02/2013,18/02/2013,7250,$/Day,4-7 Months,,Shpg. Corp. of India
06/02/2013,Atlantic Breeze,2004,76267,0,PERIOD,AUGUSTEA,Caofeidian,,WORLD WIDE,WORLD WIDE,08/02/2013,12/02/2013,7250,$/Day,4-7 Months,,Blenheim Shipping
01/02/2013,Inspiration,2010,80700,0,PERIOD,COBELFRET,SINGAPORE,,WORLD WIDE,WORLD WIDE,01/02/2013,01/02/2013,7125,$/Day,4-7 Months,,Aegean Bulk Co. Inc.
29/01/2013,Figalia Navigator,2012,81480,0,PERIOD,BUNGE,SW PASSAGE,,WORLD WIDE,WORLD WIDE,10/02/2013,15/02/2013,12500,$/Day,4-7 Months,400000,Plutofylax Shipping
28/01/2013,Moon Breeze,2011,91807,0,PERIOD,NORDEN,SINGAPORE,,WORLD WIDE,WORLD WIDE,19/01/2013,19/01/2013,6250,$/Day,4-8 Months,,Blenheim Shipping
28/01/2013,Lucky Sunday,2009,80372,0,PERIOD,NORDEN,SINGAPORE,,WORLD WIDE,WORLD WIDE,04/02/2013,06/02/2013,7000,$/Day,3-6 Months,,Silver Lake Shpg.
25/01/2013,Avax,2006,75399,0,PERIOD,CARGILL,Lianyungang,,WORLD WIDE,WORLD WIDE,28/01/2013,30/01/2013,7000,$/Day,4-7 Months,,Efnav Co. Ltd.
22/01/2013,Beijing 2008,2007,82561,0,PERIOD,CARGILL,QINGDAO,,WORLD WIDE,WORLD WIDE,23/01/2013,24/01/2013,7500,$/Day,11-19 Months,,Tsakos Shpg. & Trad.
22/01/2013,Fortune East,2000,75615,0,PERIOD,BUNGE,CJK,,WORLD WIDE,WORLD WIDE,26/01/2013,28/01/2013,6800,$/Day,4-8 Months,,Continental Intl.
21/01/2013,Pruva,1995,74137,0,PERIOD,OLDENDORFF,HONG KONG,,WORLD WIDE,WORLD WIDE,21/01/2013,26/01/2013,7250,$/Day,4-7 Months,,Yildiz Deniz Tas. AS
18/01/2013,Arethusa,2001,75319,0,PERIOD,CLASSIC MARITIME,QINGDAO,,WORLD WIDE,WORLD WIDE,18/02/2013,25/02/2013,,$/Day,4-8 Months,,Transocean Maritime
18/01/2013,Fortune Clover,2006,77430,0,PERIOD,NORDEN,Caofeidian,,WORLD WIDE,WORLD WIDE,23/01/2013,25/01/2013,4000,$/Day,4-7 Months,,Cido Shipping
16/01/2013,Myrto,2013,82800,0,PERIOD,CARGILL,TSUNEISHI,,WORLD WIDE,WORLD WIDE,25/01/2013,30/01/2013,9000,$/Day,23-25 Months,,Diana Shipping Inc.
16/01/2013,Delmar,2011,81502,0,PERIOD,QUADRA,HAZIRA,,WORLD WIDE,WORLD WIDE,20/01/2013,22/01/2013,,$/Day,12-16 Months,,Meadway Shpg. & Trdg
16/01/2013,Star of Sawara,2008,76553,0,PERIOD,NORDEN,MIZUSHIMA,,WORLD WIDE,WORLD WIDE,24/01/2013,29/01/2013,6950,$/Day,4-8 Months,,Shoei Kisen K.K.
15/01/2013,Inter Pride,2000,74005,0,PERIOD,NORDEN,ZHOUSHAN,,WORLD WIDE,WORLD WIDE,28/01/2013,05/02/2013,7450,$/Day,9-14 Months,,Inter Ocean Shpg
15/01/2013,Nirefs,2001,75311,0,PERIOD,INTERMARE,CHINA,,WORLD WIDE,WORLD WIDE,26/01/2013,04/02/2013,8000,$/Day,18-24 Months,,Diana Shipping Inc.
15/01/2013,Genco Leader,1999,73941,0,PERIOD,TTMI,LANSHAN,,WORLD WIDE,WORLD WIDE,20/01/2013,30/01/2013,,$/Day,11-13 Months,,Genco Shpg. & Trdg.
11/01/2013,Athanassios G.O.,2011,87431,0,PERIOD,ABML,TAIWAN,,WORLDWIDE,WORLDWIDE,15/01/2013,20/01/2013,7150,$/Day,6-9 Months,,Gleamray Maritime
11/01/2013,AMS Pegasus II,2012,81512,0,PERIOD,NORDEN,VIZAKHAPATNAM,,WORLDWIDE,WORLDWIDE,25/01/2013,31/01/2013,7500,$/Day,6-12 Months,,HI Investments
10/01/2013,Polymnia,2012,98704,0,PERIOD,ABML,SINGAPORE,,WORLDWIDE,WORLDWIDE,16/01/2013,21/01/2013,7600,$/Day,18-24 Months,,Diana Shipping Inc.
10/01/2013,Kambanos,2010,87328,0,PERIOD,AGROSHIP,ANTWERP,,WORLDWIDE,WORLDWIDE,10/01/2013,10/01/2013,11000,$/Day,4-6 Months,,Goulandris Bros.
10/01/2013,King Coal,2010,76361,0,PERIOD,EDF TRADING,CHINA,,WORLDWIDE,WORLDWIDE,25/01/2013,30/01/2013,8000,$/Day,20-24 Months,,Mitsubishi Ore Tpt.
09/01/2013,CK Bluebell,2011,81147,0,PERIOD,K2,CHINA,,WORLD WIDE,WORLD WIDE,09/01/2013,09/01/2013,3500,$/Day,4-7 Months,,Chang Myung Shipping
09/01/2013,Prabhu Sumat,2012,81137,0,PERIOD,CNR,GANGAVARAM,,WORLDWIDE,WORLD WIDE,09/01/2013,09/01/2013,8000,$/Day,4-8 Months,,Tolani Group of Shpg
09/01/2013,Navios Esperanza,2007,76356,0,PERIOD,GMI,QINGDAO,,WORLD WIDE,WORLD WIDE,11/01/2013,12/01/2013,7250,$/Day,5-9 Months,,Doun Kisen K.K.
07/01/2013,Erato,2004,74444,0,PERIOD,CARGILL,HAZIRA,,WORLD WIDE,WORLD WIDE,09/01/2013,14/01/2013,6500,$/Day,18-24 Months,,Diana Shipping Inc.
04/01/2013,Red Seto,2002,75957,0,PERIOD,QUADRA,NOPAC,,WORLDWIDE,WORLDWIDE,15/01/2013,20/01/2013,7000,$/Day,6-9 Months,375000,Dia Marine Corp.
? Clarkson Research Services Limited 2014,,,,,,,,,,,,,,,,,
